{
  "config": {
    "step": {
      "user": {
        "title": "Kia US Auth",
        "description": "Configure your Credentials.",
        "data": {
          "username": "Username",
          "password": "Password",
          "otp_type": "One Time Password Type"
        }
      },
      "otp_code": {
        "title": "Kia US OTP",
        "description": "Enter your One Time Password.",
        "data": {
          "otp_code": "One Time Password"
        }
      },
      "pick_vehicle": {
        "title": "Kia US Vehicle",
        "description": "Pick which vehicle to use.",
        "data": {
          "vehicle_id": "Vehicle"
        }
      },
      "reauth_confirm": {
        "title": "[%key:common::config_flow::title::reauth%]",
        "description": "The Kia US integration needs to re-authenticate your account."
      }
    },
    "abort": {
      "reauth_successful": "[%key:common::config_flow::abort::reauth_successful%]"
    },
    "error": {
      "auth": "Login failed into Kia US. Please use official Kia US app to logout and log back in and try again."
    }
  },
  "options": {
    "step": {
      "init": {
        "title": "Kia US: Configuration",
        "data": {
          "scan_interval": "Scan Interval in Minutes"
        }
      }
    }
  },
  "services": {
    "start_climate": {
      "name": "Start Climate",
      "description": "Start climate control. Not all options may be available for your vehicle.",
      "fields": {
        "device_id": {
          "name": "Vehicle Device",
          "description": ""
        },
        "temperature": {
          "name": "Temperature",
          "description": "The temperature to set."
        },
        "defrost": {
          "name": "Defrost",
          "description": "Turn on defrost."
        },
        "climate": {
          "name": "Climate",
          "description": "Turn on climate."
        },
        "heating": {
          "name": "Heating Accessories",
          "description": "Turn on heating accessories."
        },
        "driver_seat": {
          "name": "Driver's Seat",
          "description": "Driver's seat controls."
        },
        "passenger_seat": {
          "name": "Passenger's Seat",
          "description": "Passenger's seat controls."
        },
        "left_rear_seat": {
          "name": "Left Rear Seat",
          "description": "Left Rear seat controls."
        },
        "right_rear_seat": {
          "name": "Right Rear Seat",
          "description": "Right Rear seat controls."
        }
      }
    },
    "set_charge_limits": {
      "name": "Set Charge Limits",
      "description": "Maximum allowed charge for DC and AC charging.",
      "fields": {
        "device_id": {
          "name": "Vehicle Device",
          "description": ""
        },
        "ac_limit": {
          "name": "AC Limit",
          "description": "Percent of battery allowed to fill."
        },
        "dc_limit": {
          "name": "DC Limit",
          "description": "Percent of battery allowed to fill."
        }
      }
    }
  }
}
